id,smartBulb,start,end,bulbType,eventCode,eventType,wattage,manufacturer
SMBLB54#B5,SMBLB54,2018-01-01T00:00:00.000,2018-01-02T00:00:00.000,CFL,OVERHEAT,HEALTH,13,GE
SMBLB54#B6,SMBLB54,2021-02-04T00:00:00.000,2021-02-05T00:00:00.000,CFL,END_OF_LIFE,HEALTH,13,GE
SMBLB54#GH,SMBLB54,2021-05-26T00:00:00.000,2021-05-27T00:00:00.000,CFL,DEFECTIVE - END OF LIFE - OVERHEATED,FAILURE,13,GE
SMBLB28#DE,SMBLB28,2018-01-05T00:00:00.000,2018-01-06T00:00:00.000,INCAN,OVERHEAT,HEALTH,60,Philips
SMBLB28#DF,SMBLB28,2021-02-15T00:00:00.000,2021-02-16T00:00:00.000,INCAN,END_OF_LIFE,HEALTH,60,Philips
SMBLB28#G7,SMBLB28,2021-03-22T00:00:00.000,2021-03-23T00:00:00.000,INCAN,DEFECTIVE - END OF LIFE - OVERHEATED,FAILURE,60,Philips
SMBLB37#BG,SMBLB37,2018-01-01T00:00:00.000,2018-01-02T00:00:00.000,LED,OVERHEAT,HEALTH,9.5,Philips
SMBLB37#BH,SMBLB37,2021-02-21T00:00:00.000,2021-02-22T00:00:00.000,LED,END_OF_LIFE,HEALTH,9.5,Philips
SMBLB37#FY,SMBLB37,2021-05-26T00:00:00.000,2021-05-27T00:00:00.000,LED,DEFECTIVE - END OF LIFE - OVERHEATED,FAILURE,9.5,Philips
SMBLB51#CC,SMBLB51,2018-01-01T00:00:00.000,2018-01-02T00:00:00.000,CFL,OVERHEAT,HEALTH,13,GE
SMBLB51#CD,SMBLB51,2021-02-20T00:00:00.000,2021-02-21T00:00:00.000,CFL,END_OF_LIFE,HEALTH,13,GE
SMBLB51#GK,SMBLB51,2021-05-04T00:00:00.000,2021-05-05T00:00:00.000,CFL,DEFECTIVE - END OF LIFE - OVERHEATED,FAILURE,13,GE
SMBLB7#C4,SMBLB7,2018-01-01T00:00:00.000,2018-01-02T00:00:00.000,LED,OVERHEAT,HEALTH,9.5,Bell
SMBLB7#C5,SMBLB7,2021-02-21T00:00:00.000,2021-02-22T00:00:00.000,LED,END_OF_LIFE,HEALTH,9.5,Bell
SMBLB7#G2,SMBLB7,2021-03-07T00:00:00.000,2021-03-08T00:00:00.000,LED,DEFECTIVE - END OF LIFE - OVERHEATED,FAILURE,9.5,Bell
SMBLB61#O,SMBLB61,2018-01-01T00:00:00.000,2018-01-02T00:00:00.000,INCAN,OVERHEAT,HEALTH,60,GE
SMBLB61#P,SMBLB61,2021-02-21T00:00:00.000,2021-02-22T00:00:00.000,INCAN,END_OF_LIFE,HEALTH,60,GE
SMBLB61#FJ,SMBLB61,2021-05-26T00:00:00.000,2021-05-27T00:00:00.000,INCAN,DEFECTIVE - END OF LIFE - OVERHEATED,FAILURE,60,GE
SMBLB69#R,SMBLB69,2018-01-01T00:00:00.000,2018-01-02T00:00:00.000,LED,OVERHEAT,HEALTH,9.5,Bell
SMBLB69#S,SMBLB69,2021-02-19T00:00:00.000,2021-02-20T00:00:00.000,LED,END_OF_LIFE,HEALTH,9.5,Bell
SMBLB69#FL,SMBLB69,2021-05-26T00:00:00.000,2021-05-27T00:00:00.000,LED,DEFECTIVE - END OF LIFE - OVERHEATED,FAILURE,9.5,Bell
SMBLB66#H,SMBLB66,2018-01-01T00:00:00.000,2018-01-02T00:00:00.000,INCAN,OVERHEAT,HEALTH,60,Bell
SMBLB66#FE,SMBLB66,2020-11-17T00:00:00.000,2020-11-18T00:00:00.000,INCAN,DEFECTIVE - END OF LIFE - OVERHEATED,FAILURE,60,Bell
SMBLB15#CM,SMBLB15,2018-01-01T00:00:00.000,2018-01-02T00:00:00.000,LED,OVERHEAT,HEALTH,9.5,Philips
SMBLB15#CN,SMBLB15,2021-02-11T00:00:00.000,2021-02-12T00:00:00.000,LED,END_OF_LIFE,HEALTH,9.5,Philips
SMBLB15#GQ,SMBLB15,2021-05-26T00:00:00.000,2021-05-27T00:00:00.000,LED,DEFECTIVE - END OF LIFE - OVERHEATED,FAILURE,9.5,Philips
SMBLB93#E3,SMBLB93,2018-01-01T00:00:00.000,2018-01-02T00:00:00.000,CFL,OVERHEAT,HEALTH,13,GE
SMBLB93#E4,SMBLB93,2021-02-05T00:00:00.000,2021-02-06T00:00:00.000,CFL,END_OF_LIFE,HEALTH,13,GE
SMBLB93#IA,SMBLB93,2021-05-26T00:00:00.000,2021-05-27T00:00:00.000,CFL,DEFECTIVE - END OF LIFE - OVERHEATED,FAILURE,13,GE
SMBLB96#EX,SMBLB96,2018-01-01T00:00:00.000,2018-01-02T00:00:00.000,INCAN,OVERHEAT,HEALTH,60,Bell
SMBLB96#H5,SMBLB96,2020-06-08T00:00:00.000,2020-06-09T00:00:00.000,INCAN,DEFECTIVE - END OF LIFE - OVERHEATED,FAILURE,60,Bell
SMBLB41#BQ,SMBLB41,2018-01-01T00:00:00.000,2018-01-02T00:00:00.000,INCAN,OVERHEAT,HEALTH,60,Philips
SMBLB41#F7,SMBLB41,2021-01-22T00:00:00.000,2021-01-23T00:00:00.000,INCAN,DEFECTIVE - END OF LIFE - OVERHEATED,FAILURE,60,Philips
SMBLB9#CZ,SMBLB9,2018-01-01T00:00:00.000,2018-01-02T00:00:00.000,LED,OVERHEAT,HEALTH,9.5,Bell
SMBLB9#GY,SMBLB9,2020-05-14T00:00:00.000,2020-05-15T00:00:00.000,LED,DEFECTIVE - END OF LIFE - OVERHEATED,FAILURE,9.5,Bell
SMBLB16#CL,SMBLB16,2018-01-01T00:00:00.000,2018-01-02T00:00:00.000,CFL,OVERHEAT,HEALTH,13,Bell
SMBLB16#GP,SMBLB16,2020-08-20T00:00:00.000,2020-08-21T00:00:00.000,CFL,DEFECTIVE - END OF LIFE - OVERHEATED,FAILURE,13,Bell
SMBLB3#DG,SMBLB3,2018-01-01T00:00:00.000,2018-01-02T00:00:00.000,LED,OVERHEAT,HEALTH,9.5,Philips
SMBLB3#DH,SMBLB3,2021-02-24T00:00:00.000,2021-02-25T00:00:00.000,LED,END_OF_LIFE,HEALTH,9.5,Philips
SMBLB3#HA,SMBLB3,2021-05-26T00:00:00.000,2021-05-27T00:00:00.000,LED,DEFECTIVE - END OF LIFE - OVERHEATED,FAILURE,9.5,Philips
SMBLB23#CR,SMBLB23,2018-01-01T00:00:00.000,2018-01-02T00:00:00.000,CFL,OVERHEAT,HEALTH,13,Bell
SMBLB23#CS,SMBLB23,2021-02-26T00:00:00.000,2021-02-27T00:00:00.000,CFL,END_OF_LIFE,HEALTH,13,Bell
SMBLB23#GT,SMBLB23,2021-04-25T00:00:00.000,2021-04-26T00:00:00.000,CFL,DEFECTIVE - END OF LIFE - OVERHEATED,FAILURE,13,Bell
SMBLB36#BI,SMBLB36,2018-01-01T00:00:00.000,2018-01-02T00:00:00.000,CFL,OVERHEAT,HEALTH,13,Philips
SMBLB36#FZ,SMBLB36,2020-12-02T00:00:00.000,2020-12-03T00:00:00.000,CFL,DEFECTIVE - END OF LIFE - OVERHEATED,FAILURE,13,Philips
SMBLB5#C7,SMBLB5,2018-01-01T00:00:00.000,2018-01-02T00:00:00.000,LED,OVERHEAT,HEALTH,9.5,GE
SMBLB5#DA,SMBLB5,2021-02-16T00:00:00.000,2021-02-17T00:00:00.000,LED,END_OF_LIFE,HEALTH,9.5,GE
SMBLB5#G4,SMBLB5,2021-05-26T00:00:00.000,2021-05-27T00:00:00.000,LED,DEFECTIVE - END OF LIFE - OVERHEATED,FAILURE,9.5,GE
SMBLB97#EW,SMBLB97,2018-01-01T00:00:00.000,2018-01-02T00:00:00.000,CFL,OVERHEAT,HEALTH,13,Bell
SMBLB97#H4,SMBLB97,2020-11-09T00:00:00.000,2020-11-10T00:00:00.000,CFL,DEFECTIVE - END OF LIFE - OVERHEATED,FAILURE,13,Bell
SMBLB53#B7,SMBLB53,2018-01-01T00:00:00.000,2018-01-02T00:00:00.000,CFL,OVERHEAT,HEALTH,13,GE
SMBLB53#CA,SMBLB53,2021-02-03T00:00:00.000,2021-02-04T00:00:00.000,CFL,END_OF_LIFE,HEALTH,13,GE
SMBLB53#GI,SMBLB53,2021-04-19T00:00:00.000,2021-04-20T00:00:00.000,CFL,DEFECTIVE - END OF LIFE - OVERHEATED,FAILURE,13,GE
SMBLB20#CW,SMBLB20,2018-01-01T00:00:00.000,2018-01-02T00:00:00.000,CFL,OVERHEAT,HEALTH,13,Philips
SMBLB20#GW,SMBLB20,2020-06-28T00:00:00.000,2020-06-29T00:00:00.000,CFL,DEFECTIVE - END OF LIFE - OVERHEATED,FAILURE,13,Philips
SMBLB30#DX,SMBLB30,2018-01-03T00:00:00.000,2018-01-04T00:00:00.000,CFL,OVERHEAT,HEALTH,13,Bell
SMBLB30#HK,SMBLB30,2020-10-23T00:00:00.000,2020-10-24T00:00:00.000,CFL,DEFECTIVE - END OF LIFE - OVERHEATED,FAILURE,13,Bell
SMBLB50#CE,SMBLB50,2018-01-01T00:00:00.000,2018-01-02T00:00:00.000,CFL,OVERHEAT,HEALTH,13,GE
SMBLB50#CF,SMBLB50,2021-02-21T00:00:00.000,2021-02-22T00:00:00.000,CFL,END_OF_LIFE,HEALTH,13,GE
SMBLB50#GL,SMBLB50,2021-05-26T00:00:00.000,2021-05-27T00:00:00.000,CFL,DEFECTIVE - END OF LIFE - OVERHEATED,FAILURE,13,GE
SMBLB18#CI,SMBLB18,2018-01-01T00:00:00.000,2018-01-02T00:00:00.000,CFL,OVERHEAT,HEALTH,13,GE
SMBLB18#GN,SMBLB18,2020-06-06T00:00:00.000,2020-06-07T00:00:00.000,CFL,DEFECTIVE - END OF LIFE - OVERHEATED,FAILURE,13,GE
SMBLB55#B4,SMBLB55,2018-01-02T00:00:00.000,2018-01-03T00:00:00.000,CFL,OVERHEAT,HEALTH,13,Bell
SMBLB55#GG,SMBLB55,2020-10-26T00:00:00.000,2020-10-27T00:00:00.000,CFL,DEFECTIVE - END OF LIFE - OVERHEATED,FAILURE,13,Bell
SMBLB27#DI,SMBLB27,2018-01-01T00:00:00.000,2018-01-02T00:00:00.000,LED,OVERHEAT,HEALTH,9.5,GE
SMBLB27#HB,SMBLB27,2020-12-05T00:00:00.000,2020-12-06T00:00:00.000,LED,DEFECTIVE - END OF LIFE - OVERHEATED,FAILURE,9.5,GE
SMBLB39#BD,SMBLB39,2018-01-01T00:00:00.000,2018-01-02T00:00:00.000,LED,OVERHEAT,HEALTH,9.5,Philips
SMBLB39#BE,SMBLB39,2021-03-04T00:00:00.000,2021-03-05T00:00:00.000,LED,END_OF_LIFE,HEALTH,9.5,Philips
SMBLB39#FW,SMBLB39,2021-05-26T00:00:00.000,2021-05-27T00:00:00.000,LED,DEFECTIVE - END OF LIFE - OVERHEATED,FAILURE,9.5,Philips
SMBLB60#Q,SMBLB60,2018-01-01T00:00:00.000,2018-01-02T00:00:00.000,LED,OVERHEAT,HEALTH,9.5,GE
SMBLB60#FK,SMBLB60,2020-06-04T00:00:00.000,2020-06-05T00:00:00.000,LED,DEFECTIVE - END OF LIFE - OVERHEATED,FAILURE,9.5,GE
SMBLB74#3,SMBLB74,2018-01-01T00:00:00.000,2018-01-02T00:00:00.000,INCAN,OVERHEAT,HEALTH,60,Philips
SMBLB74#4,SMBLB74,2021-02-19T00:00:00.000,2021-02-20T00:00:00.000,INCAN,END_OF_LIFE,HEALTH,60,Philips
SMBLB74#FR,SMBLB74,2021-04-24T00:00:00.000,2021-04-25T00:00:00.000,INCAN,DEFECTIVE - END OF LIFE - OVERHEATED,FAILURE,60,Philips
SMBLB64#J,SMBLB64,2018-01-01T00:00:00.000,2018-01-02T00:00:00.000,CFL,OVERHEAT,HEALTH,13,Philips
SMBLB64#K,SMBLB64,2021-02-12T00:00:00.000,2021-02-13T00:00:00.000,CFL,END_OF_LIFE,HEALTH,13,Philips
SMBLB64#FG,SMBLB64,2021-03-28T00:00:00.000,2021-03-29T00:00:00.000,CFL,DEFECTIVE - END OF LIFE - OVERHEATED,FAILURE,13,Philips
SMBLB29#DC,SMBLB29,2018-01-01T00:00:00.000,2018-01-02T00:00:00.000,LED,OVERHEAT,HEALTH,9.5,Bell
SMBLB29#DD,SMBLB29,2021-02-15T00:00:00.000,2021-02-16T00:00:00.000,LED,END_OF_LIFE,HEALTH,9.5,Bell
SMBLB29#G6,SMBLB29,2021-05-26T00:00:00.000,2021-05-27T00:00:00.000,LED,DEFECTIVE - END OF LIFE - OVERHEATED,FAILURE,9.5,Bell
SMBLB43#BO,SMBLB43,2018-01-01T00:00:00.000,2018-01-02T00:00:00.000,INCAN,OVERHEAT,HEALTH,60,Bell
SMBLB43#F5,SMBLB43,2020-07-19T00:00:00.000,2020-07-20T00:00:00.000,INCAN,DEFECTIVE - END OF LIFE - OVERHEATED,FAILURE,60,Bell
SMBLB17#CJ,SMBLB17,2018-01-03T00:00:00.000,2018-01-04T00:00:00.000,INCAN,OVERHEAT,HEALTH,60,GE
SMBLB17#CK,SMBLB17,2021-02-16T00:00:00.000,2021-02-17T00:00:00.000,INCAN,END_OF_LIFE,HEALTH,60,GE
SMBLB17#GO,SMBLB17,2021-05-26T00:00:00.000,2021-05-27T00:00:00.000,INCAN,DEFECTIVE - END OF LIFE - OVERHEATED,FAILURE,60,GE
SMBLB33#DR,SMBLB33,2018-01-01T00:00:00.000,2018-01-02T00:00:00.000,INCAN,OVERHEAT,HEALTH,60,Philips
SMBLB33#DS,SMBLB33,2021-02-21T00:00:00.000,2021-02-22T00:00:00.000,INCAN,END_OF_LIFE,HEALTH,60,Philips
SMBLB33#HH,SMBLB33,2021-05-26T00:00:00.000,2021-05-27T00:00:00.000,INCAN,DEFECTIVE - END OF LIFE - OVERHEATED,FAILURE,60,Philips
SMBLB92#E5,SMBLB92,2018-01-01T00:00:00.000,2018-01-02T00:00:00.000,CFL,OVERHEAT,HEALTH,13,GE
SMBLB92#IB,SMBLB92,2021-01-05T00:00:00.000,2021-01-06T00:00:00.000,CFL,DEFECTIVE - END OF LIFE - OVERHEATED,FAILURE,13,GE
SMBLB58#D,SMBLB58,2018-01-01T00:00:00.000,2018-01-02T00:00:00.000,LED,OVERHEAT,HEALTH,9.5,GE
SMBLB58#E,SMBLB58,2021-02-16T00:00:00.000,2021-02-17T00:00:00.000,LED,END_OF_LIFE,HEALTH,9.5,GE
SMBLB58#FB,SMBLB58,2021-02-25T00:00:00.000,2021-02-26T00:00:00.000,LED,DEFECTIVE - END OF LIFE - OVERHEATED,FAILURE,9.5,GE
SMBLB12#EO,SMBLB12,2018-01-01T00:00:00.000,2018-01-02T00:00:00.000,INCAN,OVERHEAT,HEALTH,60,Bell
SMBLB12#HX,SMBLB12,2020-07-05T00:00:00.000,2020-07-06T00:00:00.000,INCAN,DEFECTIVE - END OF LIFE - OVERHEATED,FAILURE,60,Bell
SMBLB85#EC,SMBLB85,2018-01-01T00:00:00.000,2018-01-02T00:00:00.000,LED,OVERHEAT,HEALTH,9.5,Bell
SMBLB85#ED,SMBLB85,2021-02-13T00:00:00.000,2021-02-14T00:00:00.000,LED,END_OF_LIFE,HEALTH,9.5,Bell
SMBLB85#HR,SMBLB85,2021-05-26T00:00:00.000,2021-05-27T00:00:00.000,LED,DEFECTIVE - END OF LIFE - OVERHEATED,FAILURE,9.5,Bell
SMBLB46#BY,SMBLB46,2018-01-01T00:00:00.000,2018-01-02T00:00:00.000,INCAN,OVERHEAT,HEALTH,60,GE
SMBLB46#BZ,SMBLB46,2021-02-23T00:00:00.000,2021-02-24T00:00:00.000,INCAN,END_OF_LIFE,HEALTH,60,GE
SMBLB46#GE,SMBLB46,2021-05-26T00:00:00.000,2021-05-27T00:00:00.000,INCAN,DEFECTIVE - END OF LIFE - OVERHEATED,FAILURE,60,GE
SMBLB13#CP,SMBLB13,2018-01-01T00:00:00.000,2018-01-02T00:00:00.000,CFL,OVERHEAT,HEALTH,13,Bell
SMBLB13#CQ,SMBLB13,2021-03-01T00:00:00.000,2021-03-02T00:00:00.000,CFL,END_OF_LIFE,HEALTH,13,Bell
SMBLB13#GS,SMBLB13,2021-05-26T00:00:00.000,2021-05-27T00:00:00.000,CFL,DEFECTIVE - END OF LIFE - OVERHEATED,FAILURE,13,Bell
SMBLB79#D2,SMBLB79,2018-01-01T00:00:00.000,2018-01-02T00:00:00.000,CFL,OVERHEAT,HEALTH,13,GE
SMBLB79#HM,SMBLB79,2020-05-29T00:00:00.000,2020-05-30T00:00:00.000,CFL,DEFECTIVE - END OF LIFE - OVERHEATED,FAILURE,13,GE
SMBLB10#ES,SMBLB10,2018-01-01T00:00:00.000,2018-01-02T00:00:00.000,INCAN,OVERHEAT,HEALTH,60,GE
SMBLB10#ET,SMBLB10,2021-02-11T00:00:00.000,2021-02-12T00:00:00.000,INCAN,END_OF_LIFE,HEALTH,60,GE
SMBLB10#H2,SMBLB10,2021-05-26T00:00:00.000,2021-05-27T00:00:00.000,INCAN,DEFECTIVE - END OF LIFE - OVERHEATED,FAILURE,60,GE
SMBLB32#DT,SMBLB32,2018-01-01T00:00:00.000,2018-01-02T00:00:00.000,CFL,OVERHEAT,HEALTH,13,Philips
SMBLB32#DU,SMBLB32,2021-02-28T00:00:00.000,2021-03-01T00:00:00.000,CFL,END_OF_LIFE,HEALTH,13,Philips
SMBLB32#HI,SMBLB32,2021-05-26T00:00:00.000,2021-05-27T00:00:00.000,CFL,DEFECTIVE - END OF LIFE - OVERHEATED,FAILURE,13,Philips
SMBLB24#DO,SMBLB24,2018-01-04T00:00:00.000,2018-01-05T00:00:00.000,INCAN,OVERHEAT,HEALTH,60,GE
SMBLB24#DP,SMBLB24,2021-02-02T00:00:00.000,2021-02-03T00:00:00.000,INCAN,END_OF_LIFE,HEALTH,60,GE
SMBLB24#HF,SMBLB24,2021-04-10T00:00:00.000,2021-04-11T00:00:00.000,INCAN,DEFECTIVE - END OF LIFE - OVERHEATED,FAILURE,60,GE
SMBLB62#N,SMBLB62,2018-01-01T00:00:00.000,2018-01-02T00:00:00.000,LED,OVERHEAT,HEALTH,9.5,Bell
SMBLB62#FI,SMBLB62,2021-01-02T00:00:00.000,2021-01-03T00:00:00.000,LED,DEFECTIVE - END OF LIFE - OVERHEATED,FAILURE,9.5,Bell
SMBLB47#BW,SMBLB47,2018-01-01T00:00:00.000,2018-01-02T00:00:00.000,INCAN,OVERHEAT,HEALTH,60,Bell
SMBLB47#BX,SMBLB47,2021-02-17T00:00:00.000,2021-02-18T00:00:00.000,INCAN,END_OF_LIFE,HEALTH,60,Bell
SMBLB47#GD,SMBLB47,2021-05-26T00:00:00.000,2021-05-27T00:00:00.000,INCAN,DEFECTIVE - END OF LIFE - OVERHEATED,FAILURE,60,Bell
SMBLB82#EI,SMBLB82,2018-01-01T00:00:00.000,2018-01-02T00:00:00.000,INCAN,OVERHEAT,HEALTH,60,Bell
SMBLB82#EJ,SMBLB82,2021-03-07T00:00:00.000,2021-03-08T00:00:00.000,INCAN,END_OF_LIFE,HEALTH,60,Bell
SMBLB82#HU,SMBLB82,2021-05-26T00:00:00.000,2021-05-27T00:00:00.000,INCAN,DEFECTIVE - END OF LIFE - OVERHEATED,FAILURE,60,Bell
SMBLB99#EQ,SMBLB99,2018-01-01T00:00:00.000,2018-01-02T00:00:00.000,CFL,OVERHEAT,HEALTH,13,Bell
SMBLB99#ER,SMBLB99,2021-02-19T00:00:00.000,2021-02-20T00:00:00.000,CFL,END_OF_LIFE,HEALTH,13,Bell
SMBLB99#HZ,SMBLB99,2021-05-26T00:00:00.000,2021-05-27T00:00:00.000,CFL,DEFECTIVE - END OF LIFE - OVERHEATED,FAILURE,13,Bell
SMBLB84#EE,SMBLB84,2018-01-01T00:00:00.000,2018-01-02T00:00:00.000,CFL,OVERHEAT,HEALTH,13,GE
SMBLB84#EF,SMBLB84,2021-02-15T00:00:00.000,2021-02-16T00:00:00.000,CFL,END_OF_LIFE,HEALTH,13,GE
SMBLB84#HS,SMBLB84,2021-05-26T00:00:00.000,2021-05-27T00:00:00.000,CFL,DEFECTIVE - END OF LIFE - OVERHEATED,FAILURE,13,GE
SMBLB52#CB,SMBLB52,2018-01-01T00:00:00.000,2018-01-02T00:00:00.000,LED,OVERHEAT,HEALTH,9.5,GE
SMBLB52#GJ,SMBLB52,2020-05-31T00:00:00.000,2020-06-01T00:00:00.000,LED,DEFECTIVE - END OF LIFE - OVERHEATED,FAILURE,9.5,GE
SMBLB42#BP,SMBLB42,2018-01-02T00:00:00.000,2018-01-03T00:00:00.000,LED,OVERHEAT,HEALTH,9.5,GE
SMBLB42#F6,SMBLB42,2020-06-26T00:00:00.000,2020-06-27T00:00:00.000,LED,DEFECTIVE - END OF LIFE - OVERHEATED,FAILURE,9.5,GE
SMBLB6#C2,SMBLB6,2018-01-01T00:00:00.000,2018-01-02T00:00:00.000,CFL,OVERHEAT,HEALTH,13,Bell
SMBLB6#C3,SMBLB6,2021-02-13T00:00:00.000,2021-02-14T00:00:00.000,CFL,END_OF_LIFE,HEALTH,13,Bell
SMBLB6#GZ,SMBLB6,2021-03-16T00:00:00.000,2021-03-17T00:00:00.000,CFL,DEFECTIVE - END OF LIFE - OVERHEATED,FAILURE,13,Bell
SMBLB73#5,SMBLB73,2018-01-01T00:00:00.000,2018-01-02T00:00:00.000,LED,OVERHEAT,HEALTH,9.5,GE
SMBLB73#FS,SMBLB73,2020-09-23T00:00:00.000,2020-09-24T00:00:00.000,LED,DEFECTIVE - END OF LIFE - OVERHEATED,FAILURE,9.5,GE
SMBLB4#C6,SMBLB4,2018-01-01T00:00:00.000,2018-01-02T00:00:00.000,LED,OVERHEAT,HEALTH,9.5,Philips
SMBLB4#G3,SMBLB4,2020-08-22T00:00:00.000,2020-08-23T00:00:00.000,LED,DEFECTIVE - END OF LIFE - OVERHEATED,FAILURE,9.5,Philips
SMBLB83#EG,SMBLB83,2018-01-01T00:00:00.000,2018-01-02T00:00:00.000,CFL,OVERHEAT,HEALTH,13,Bell
SMBLB83#EH,SMBLB83,2021-02-15T00:00:00.000,2021-02-16T00:00:00.000,CFL,END_OF_LIFE,HEALTH,13,Bell
SMBLB83#HT,SMBLB83,2021-05-26T00:00:00.000,2021-05-27T00:00:00.000,CFL,DEFECTIVE - END OF LIFE - OVERHEATED,FAILURE,13,Bell
SMBLB38#BF,SMBLB38,2018-01-01T00:00:00.000,2018-01-02T00:00:00.000,LED,OVERHEAT,HEALTH,9.5,GE
SMBLB38#FX,SMBLB38,2020-09-23T00:00:00.000,2020-09-24T00:00:00.000,LED,DEFECTIVE - END OF LIFE - OVERHEATED,FAILURE,9.5,GE
SMBLB45#BL,SMBLB45,2018-01-01T00:00:00.000,2018-01-02T00:00:00.000,CFL,OVERHEAT,HEALTH,13,Bell
SMBLB45#F3,SMBLB45,2020-06-27T00:00:00.000,2020-06-28T00:00:00.000,CFL,DEFECTIVE - END OF LIFE - OVERHEATED,FAILURE,13,Bell
SMBLB63#L,SMBLB63,2018-01-01T00:00:00.000,2018-01-02T00:00:00.000,LED,OVERHEAT,HEALTH,9.5,GE
SMBLB63#M,SMBLB63,2021-02-08T00:00:00.000,2021-02-09T00:00:00.000,LED,END_OF_LIFE,HEALTH,9.5,GE
SMBLB63#FH,SMBLB63,2021-05-26T00:00:00.000,2021-05-27T00:00:00.000,LED,DEFECTIVE - END OF LIFE - OVERHEATED,FAILURE,9.5,GE
SMBLB77#W,SMBLB77,2018-01-01T00:00:00.000,2018-01-02T00:00:00.000,LED,OVERHEAT,HEALTH,9.5,Philips
SMBLB77#FO,SMBLB77,2020-06-17T00:00:00.000,2020-06-18T00:00:00.000,LED,DEFECTIVE - END OF LIFE - OVERHEATED,FAILURE,9.5,Philips
SMBLB68#T,SMBLB68,2018-01-01T00:00:00.000,2018-01-02T00:00:00.000,CFL,OVERHEAT,HEALTH,13,Bell
SMBLB68#U,SMBLB68,2021-02-17T00:00:00.000,2021-02-18T00:00:00.000,CFL,END_OF_LIFE,HEALTH,13,Bell
SMBLB68#FM,SMBLB68,2021-05-26T00:00:00.000,2021-05-27T00:00:00.000,CFL,DEFECTIVE - END OF LIFE - OVERHEATED,FAILURE,13,Bell
SMBLB90#E7,SMBLB90,2018-01-01T00:00:00.000,2018-01-02T00:00:00.000,CFL,OVERHEAT,HEALTH,13,Philips
SMBLB90#ID,SMBLB90,2020-12-31T00:00:00.000,2021-01-01T00:00:00.000,CFL,DEFECTIVE - END OF LIFE - OVERHEATED,FAILURE,13,Philips
SMBLB81#EK,SMBLB81,2018-01-01T00:00:00.000,2018-01-02T00:00:00.000,CFL,OVERHEAT,HEALTH,13,Philips
SMBLB81#EL,SMBLB81,2021-02-06T00:00:00.000,2021-02-07T00:00:00.000,CFL,END_OF_LIFE,HEALTH,13,Philips
SMBLB81#HV,SMBLB81,2021-05-26T00:00:00.000,2021-05-27T00:00:00.000,CFL,DEFECTIVE - END OF LIFE - OVERHEATED,FAILURE,13,Philips
SMBLB59#B,SMBLB59,2018-01-01T00:00:00.000,2018-01-02T00:00:00.000,LED,OVERHEAT,HEALTH,9.5,Bell
SMBLB59#C,SMBLB59,2021-02-03T00:00:00.000,2021-02-04T00:00:00.000,LED,END_OF_LIFE,HEALTH,9.5,Bell
SMBLB59#FA,SMBLB59,2021-05-26T00:00:00.000,2021-05-27T00:00:00.000,LED,DEFECTIVE - END OF LIFE - OVERHEATED,FAILURE,9.5,Bell
SMBLB75#Z,SMBLB75,2018-01-02T00:00:00.000,2018-01-03T00:00:00.000,INCAN,OVERHEAT,HEALTH,60,Philips
SMBLB75#2,SMBLB75,2021-02-11T00:00:00.000,2021-02-12T00:00:00.000,INCAN,END_OF_LIFE,HEALTH,60,Philips
SMBLB75#FQ,SMBLB75,2021-05-26T00:00:00.000,2021-05-27T00:00:00.000,INCAN,DEFECTIVE - END OF LIFE - OVERHEATED,FAILURE,60,Philips
SMBLB40#BR,SMBLB40,2018-01-07T00:00:00.000,2018-01-08T00:00:00.000,LED,OVERHEAT,HEALTH,9.5,Philips
SMBLB40#BS,SMBLB40,2021-02-25T00:00:00.000,2021-02-26T00:00:00.000,LED,END_OF_LIFE,HEALTH,9.5,Philips
SMBLB40#GA,SMBLB40,2021-04-08T00:00:00.000,2021-04-09T00:00:00.000,LED,DEFECTIVE - END OF LIFE - OVERHEATED,FAILURE,9.5,Philips
SMBLB44#BM,SMBLB44,2018-01-01T00:00:00.000,2018-01-02T00:00:00.000,LED,OVERHEAT,HEALTH,9.5,Philips
SMBLB44#BN,SMBLB44,2021-02-13T00:00:00.000,2021-02-14T00:00:00.000,LED,END_OF_LIFE,HEALTH,9.5,Philips
SMBLB44#F4,SMBLB44,2021-03-03T00:00:00.000,2021-03-04T00:00:00.000,LED,DEFECTIVE - END OF LIFE - OVERHEATED,FAILURE,9.5,Philips
SMBLB80#EM,SMBLB80,2018-01-02T00:00:00.000,2018-01-03T00:00:00.000,LED,OVERHEAT,HEALTH,9.5,GE
SMBLB80#EN,SMBLB80,2021-02-13T00:00:00.000,2021-02-14T00:00:00.000,LED,END_OF_LIFE,HEALTH,9.5,GE
SMBLB80#HW,SMBLB80,2021-05-26T00:00:00.000,2021-05-27T00:00:00.000,LED,DEFECTIVE - END OF LIFE - OVERHEATED,FAILURE,9.5,GE
SMBLB34#DQ,SMBLB34,2018-01-01T00:00:00.000,2018-01-02T00:00:00.000,LED,OVERHEAT,HEALTH,9.5,Philips
SMBLB34#HG,SMBLB34,2021-01-02T00:00:00.000,2021-01-03T00:00:00.000,LED,DEFECTIVE - END OF LIFE - OVERHEATED,FAILURE,9.5,Philips
SMBLB11#EP,SMBLB11,2018-01-01T00:00:00.000,2018-01-02T00:00:00.000,INCAN,OVERHEAT,HEALTH,60,GE
SMBLB11#HY,SMBLB11,2021-01-04T00:00:00.000,2021-01-05T00:00:00.000,INCAN,DEFECTIVE - END OF LIFE - OVERHEATED,FAILURE,60,GE
SMBLB72#6,SMBLB72,2018-01-01T00:00:00.000,2018-01-02T00:00:00.000,CFL,OVERHEAT,HEALTH,13,Philips
SMBLB72#FT,SMBLB72,2020-08-29T00:00:00.000,2020-08-30T00:00:00.000,CFL,DEFECTIVE - END OF LIFE - OVERHEATED,FAILURE,13,Philips
SMBLB22#CT,SMBLB22,2018-01-01T00:00:00.000,2018-01-02T00:00:00.000,INCAN,OVERHEAT,HEALTH,60,GE
SMBLB22#CU,SMBLB22,2021-02-05T00:00:00.000,2021-02-06T00:00:00.000,INCAN,END_OF_LIFE,HEALTH,60,GE
SMBLB22#GU,SMBLB22,2021-05-26T00:00:00.000,2021-05-27T00:00:00.000,INCAN,DEFECTIVE - END OF LIFE - OVERHEATED,FAILURE,60,GE
SMBLB98#EU,SMBLB98,2018-01-01T00:00:00.000,2018-01-02T00:00:00.000,CFL,OVERHEAT,HEALTH,13,GE
SMBLB98#EV,SMBLB98,2021-02-16T00:00:00.000,2021-02-17T00:00:00.000,CFL,END_OF_LIFE,HEALTH,13,GE
SMBLB98#H3,SMBLB98,2021-05-26T00:00:00.000,2021-05-27T00:00:00.000,CFL,DEFECTIVE - END OF LIFE - OVERHEATED,FAILURE,13,GE
SMBLB2#DB,SMBLB2,2018-01-02T00:00:00.000,2018-01-03T00:00:00.000,CFL,OVERHEAT,HEALTH,13,Philips
SMBLB2#G5,SMBLB2,2021-01-02T00:00:00.000,2021-01-03T00:00:00.000,CFL,DEFECTIVE - END OF LIFE - OVERHEATED,FAILURE,13,Philips
SMBLB57#F,SMBLB57,2018-01-01T00:00:00.000,2018-01-02T00:00:00.000,INCAN,OVERHEAT,HEALTH,60,Bell
SMBLB57#FC,SMBLB57,2021-01-01T00:00:00.000,2021-01-02T00:00:00.000,INCAN,DEFECTIVE - END OF LIFE - OVERHEATED,FAILURE,60,Bell
SMBLB91#E6,SMBLB91,2018-01-04T00:00:00.000,2018-01-05T00:00:00.000,INCAN,OVERHEAT,HEALTH,60,GE
SMBLB91#IC,SMBLB91,2021-01-06T00:00:00.000,2021-01-07T00:00:00.000,INCAN,DEFECTIVE - END OF LIFE - OVERHEATED,FAILURE,60,GE
SMBLB100#DY,SMBLB100,2018-01-01T00:00:00.000,2018-01-02T00:00:00.000,LED,OVERHEAT,HEALTH,9.5,Bell
SMBLB100#DZ,SMBLB100,2021-02-28T00:00:00.000,2021-03-01T00:00:00.000,LED,END_OF_LIFE,HEALTH,9.5,Bell
SMBLB100#HL,SMBLB100,2021-05-26T00:00:00.000,2021-05-27T00:00:00.000,LED,DEFECTIVE - END OF LIFE - OVERHEATED,FAILURE,9.5,Bell
SMBLB26#DL,SMBLB26,2018-01-01T00:00:00.000,2018-01-02T00:00:00.000,LED,OVERHEAT,HEALTH,9.5,Bell
SMBLB26#DM,SMBLB26,2021-02-22T00:00:00.000,2021-02-23T00:00:00.000,LED,END_OF_LIFE,HEALTH,9.5,Bell
SMBLB26#HD,SMBLB26,2021-05-26T00:00:00.000,2021-05-27T00:00:00.000,LED,DEFECTIVE - END OF LIFE - OVERHEATED,FAILURE,9.5,Bell
SMBLB86#EA,SMBLB86,2018-01-01T00:00:00.000,2018-01-02T00:00:00.000,INCAN,OVERHEAT,HEALTH,60,Bell
SMBLB86#EB,SMBLB86,2021-02-11T00:00:00.000,2021-02-12T00:00:00.000,INCAN,END_OF_LIFE,HEALTH,60,Bell
SMBLB86#HQ,SMBLB86,2021-05-26T00:00:00.000,2021-05-27T00:00:00.000,INCAN,DEFECTIVE - END OF LIFE - OVERHEATED,FAILURE,60,Bell
SMBLB88#D4,SMBLB88,2018-01-01T00:00:00.000,2018-01-02T00:00:00.000,INCAN,OVERHEAT,HEALTH,60,Philips
SMBLB88#D5,SMBLB88,2021-02-12T00:00:00.000,2021-02-13T00:00:00.000,INCAN,END_OF_LIFE,HEALTH,60,Philips
SMBLB88#HO,SMBLB88,2021-05-26T00:00:00.000,2021-05-27T00:00:00.000,INCAN,DEFECTIVE - END OF LIFE - OVERHEATED,FAILURE,60,Philips
SMBLB31#DV,SMBLB31,2018-01-01T00:00:00.000,2018-01-02T00:00:00.000,LED,OVERHEAT,HEALTH,9.5,GE
SMBLB31#DW,SMBLB31,2021-02-21T00:00:00.000,2021-02-22T00:00:00.000,LED,END_OF_LIFE,HEALTH,9.5,GE
SMBLB31#HJ,SMBLB31,2021-05-26T00:00:00.000,2021-05-27T00:00:00.000,LED,DEFECTIVE - END OF LIFE - OVERHEATED,FAILURE,9.5,GE
SMBLB35#BJ,SMBLB35,2018-01-01T00:00:00.000,2018-01-02T00:00:00.000,INCAN,OVERHEAT,HEALTH,60,Philips
SMBLB35#BK,SMBLB35,2021-02-19T00:00:00.000,2021-02-20T00:00:00.000,INCAN,END_OF_LIFE,HEALTH,60,Philips
SMBLB35#F2,SMBLB35,2021-05-26T00:00:00.000,2021-05-27T00:00:00.000,INCAN,DEFECTIVE - END OF LIFE - OVERHEATED,FAILURE,60,Philips
SMBLB89#D3,SMBLB89,2018-01-03T00:00:00.000,2018-01-04T00:00:00.000,INCAN,OVERHEAT,HEALTH,60,GE
SMBLB89#HN,SMBLB89,2020-10-16T00:00:00.000,2020-10-17T00:00:00.000,INCAN,DEFECTIVE - END OF LIFE - OVERHEATED,FAILURE,60,GE
SMBLB67#G,SMBLB67,2018-01-01T00:00:00.000,2018-01-02T00:00:00.000,CFL,OVERHEAT,HEALTH,13,Bell
SMBLB67#FD,SMBLB67,2021-03-04T00:00:00.000,2021-03-05T00:00:00.000,CFL,DEFECTIVE - END OF LIFE - OVERHEATED,FAILURE,13,Bell
SMBLB14#CO,SMBLB14,2018-01-01T00:00:00.000,2018-01-02T00:00:00.000,LED,OVERHEAT,HEALTH,9.5,Philips
SMBLB14#GR,SMBLB14,2020-06-13T00:00:00.000,2020-06-14T00:00:00.000,LED,DEFECTIVE - END OF LIFE - OVERHEATED,FAILURE,9.5,Philips
SMBLB25#DN,SMBLB25,2018-01-01T00:00:00.000,2018-01-02T00:00:00.000,INCAN,OVERHEAT,HEALTH,60,Philips
SMBLB25#HE,SMBLB25,2020-06-05T00:00:00.000,2020-06-06T00:00:00.000,INCAN,DEFECTIVE - END OF LIFE - OVERHEATED,FAILURE,60,Philips
SMBLB8#CX,SMBLB8,2018-01-01T00:00:00.000,2018-01-02T00:00:00.000,INCAN,OVERHEAT,HEALTH,60,Philips
SMBLB8#CY,SMBLB8,2021-02-22T00:00:00.000,2021-02-23T00:00:00.000,INCAN,END_OF_LIFE,HEALTH,60,Philips
SMBLB8#GX,SMBLB8,2021-05-13T00:00:00.000,2021-05-14T00:00:00.000,INCAN,DEFECTIVE - END OF LIFE - OVERHEATED,FAILURE,60,Philips
SMBLB1#DJ,SMBLB1,2018-01-01T00:00:00.000,2018-01-02T00:00:00.000,CFL,OVERHEAT,HEALTH,13,GE
SMBLB1#DK,SMBLB1,2021-02-16T00:00:00.000,2021-02-17T00:00:00.000,CFL,END_OF_LIFE,HEALTH,13,GE
SMBLB1#HC,SMBLB1,2021-05-26T00:00:00.000,2021-05-27T00:00:00.000,CFL,DEFECTIVE - END OF LIFE - OVERHEATED,FAILURE,13,GE
SMBLB48#BV,SMBLB48,2018-01-01T00:00:00.000,2018-01-02T00:00:00.000,INCAN,OVERHEAT,HEALTH,60,GE
SMBLB48#GC,SMBLB48,2020-12-28T00:00:00.000,2020-12-29T00:00:00.000,INCAN,DEFECTIVE - END OF LIFE - OVERHEATED,FAILURE,60,GE
SMBLB94#EZ,SMBLB94,2018-01-01T00:00:00.000,2018-01-02T00:00:00.000,LED,OVERHEAT,HEALTH,9.5,GE
SMBLB94#E2,SMBLB94,2021-02-19T00:00:00.000,2021-02-20T00:00:00.000,LED,END_OF_LIFE,HEALTH,9.5,GE
SMBLB94#H7,SMBLB94,2021-05-26T00:00:00.000,2021-05-27T00:00:00.000,LED,DEFECTIVE - END OF LIFE - OVERHEATED,FAILURE,9.5,GE
SMBLB21#CV,SMBLB21,2018-01-02T00:00:00.000,2018-01-03T00:00:00.000,CFL,OVERHEAT,HEALTH,13,Bell
SMBLB21#GV,SMBLB21,2020-10-05T00:00:00.000,2020-10-06T00:00:00.000,CFL,DEFECTIVE - END OF LIFE - OVERHEATED,FAILURE,13,Bell
SMBLB49#BT,SMBLB49,2018-01-02T00:00:00.000,2018-01-03T00:00:00.000,CFL,OVERHEAT,HEALTH,13,Philips
SMBLB49#BU,SMBLB49,2021-02-13T00:00:00.000,2021-02-14T00:00:00.000,CFL,END_OF_LIFE,HEALTH,13,Philips
SMBLB49#GB,SMBLB49,2021-05-26T00:00:00.000,2021-05-27T00:00:00.000,CFL,DEFECTIVE - END OF LIFE - OVERHEATED,FAILURE,13,Philips
SMBLB87#D6,SMBLB87,2018-01-01T00:00:00.000,2018-01-02T00:00:00.000,CFL,OVERHEAT,HEALTH,13,Philips
SMBLB87#D7,SMBLB87,2021-02-10T00:00:00.000,2021-02-11T00:00:00.000,CFL,END_OF_LIFE,HEALTH,13,Philips
SMBLB87#HP,SMBLB87,2021-03-15T00:00:00.000,2021-03-16T00:00:00.000,CFL,DEFECTIVE - END OF LIFE - OVERHEATED,FAILURE,13,Philips
SMBLB95#EY,SMBLB95,2018-01-01T00:00:00.000,2018-01-02T00:00:00.000,LED,OVERHEAT,HEALTH,9.5,GE
SMBLB95#H6,SMBLB95,2020-08-15T00:00:00.000,2020-08-16T00:00:00.000,LED,DEFECTIVE - END OF LIFE - OVERHEATED,FAILURE,9.5,GE
SMBLB71#7,SMBLB71,2018-01-01T00:00:00.000,2018-01-02T00:00:00.000,INCAN,OVERHEAT,HEALTH,60,GE
SMBLB71#BA,SMBLB71,2021-02-12T00:00:00.000,2021-02-13T00:00:00.000,INCAN,END_OF_LIFE,HEALTH,60,GE
SMBLB71#FU,SMBLB71,2021-05-26T00:00:00.000,2021-05-27T00:00:00.000,INCAN,DEFECTIVE - END OF LIFE - OVERHEATED,FAILURE,60,GE
SMBLB70#BB,SMBLB70,2018-01-01T00:00:00.000,2018-01-02T00:00:00.000,LED,OVERHEAT,HEALTH,9.5,Philips
SMBLB70#BC,SMBLB70,2021-02-11T00:00:00.000,2021-02-12T00:00:00.000,LED,END_OF_LIFE,HEALTH,9.5,Philips
SMBLB70#FV,SMBLB70,2021-05-26T00:00:00.000,2021-05-27T00:00:00.000,LED,DEFECTIVE - END OF LIFE - OVERHEATED,FAILURE,9.5,Philips
SMBLB76#X,SMBLB76,2018-01-01T00:00:00.000,2018-01-02T00:00:00.000,LED,OVERHEAT,HEALTH,9.5,Bell
SMBLB76#Y,SMBLB76,2021-02-17T00:00:00.000,2021-02-18T00:00:00.000,LED,END_OF_LIFE,HEALTH,9.5,Bell
SMBLB76#FP,SMBLB76,2021-03-18T00:00:00.000,2021-03-19T00:00:00.000,LED,DEFECTIVE - END OF LIFE - OVERHEATED,FAILURE,9.5,Bell
SMBLB65#I,SMBLB65,2018-01-01T00:00:00.000,2018-01-02T00:00:00.000,CFL,OVERHEAT,HEALTH,13,Philips
SMBLB65#FF,SMBLB65,2020-09-19T00:00:00.000,2020-09-20T00:00:00.000,CFL,DEFECTIVE - END OF LIFE - OVERHEATED,FAILURE,13,Philips
SMBLB56#B2,SMBLB56,2018-01-02T00:00:00.000,2018-01-03T00:00:00.000,INCAN,OVERHEAT,HEALTH,60,Philips
SMBLB56#B3,SMBLB56,2021-02-12T00:00:00.000,2021-02-13T00:00:00.000,INCAN,END_OF_LIFE,HEALTH,60,Philips
SMBLB56#GF,SMBLB56,2021-05-26T00:00:00.000,2021-05-27T00:00:00.000,INCAN,DEFECTIVE - END OF LIFE - OVERHEATED,FAILURE,60,Philips
SMBLB19#CG,SMBLB19,2018-01-01T00:00:00.000,2018-01-02T00:00:00.000,INCAN,OVERHEAT,HEALTH,60,Bell
SMBLB19#CH,SMBLB19,2021-02-07T00:00:00.000,2021-02-08T00:00:00.000,INCAN,END_OF_LIFE,HEALTH,60,Bell
SMBLB19#GM,SMBLB19,2021-05-26T00:00:00.000,2021-05-27T00:00:00.000,INCAN,DEFECTIVE - END OF LIFE - OVERHEATED,FAILURE,60,Bell
SMBLB78#V,SMBLB78,2018-01-01T00:00:00.000,2018-01-02T00:00:00.000,LED,OVERHEAT,HEALTH,9.5,Philips
SMBLB78#FN,SMBLB78,2020-11-25T00:00:00.000,2020-11-26T00:00:00.000,LED,DEFECTIVE - END OF LIFE - OVERHEATED,FAILURE,9.5,Philips